{"cameraMode":{"drawMode":0,"name":"Shaded","section":"Shading Mode"},"sceneLighting":true,"audioPlay":false,"sceneViewState":{"showFog":true,"showMaterialUpdate":false,"showSkybox":true,"showFlares":true,"showImageEffects":true,"showParticleSystems":true,"showVisualEffectGraphs":true,"m_FxEnabled":true},"in2DMode":false,"pivot":{"x":0.8592929244041443,"y":1.6149487495422364,"z":0.38539519906044009},"rotation":{"x":0.2595199942588806,"y":-0.3714780807495117,"z":0.10893560945987702,"w":0.8847531676292419},"size":1.7958488464355469,"orthographic":false}